<?xml version="1.0" encoding="UTF-8"?>
<GenRun Id="synth_1" LaunchPart="xc7z010clg400-1" LaunchTime="1555932409">
  <File Type="VDS-TIMING-PB" Name="greater_number_timing_summary_synth.pb"/>
  <File Type="VDS-TIMINGSUMMARY" Name="greater_number_timing_summary_synth.rpt"/>
  <File Type="RDS-DCP" Name="greater_number.dcp"/>
  <File Type="RDS-UTIL-PB" Name="greater_number_utilization_synth.pb"/>
  <File Type="RDS-UTIL" Name="greater_number_utilization_synth.rpt"/>
  <File Type="RDS-PROPCONSTRS" Name="greater_number_drc_synth.rpt"/>
  <File Type="RDS-RDS" Name="greater_number.vds"/>
  <File Type="REPORTS-TCL" Name="greater_number_reports.tcl"/>
  <File Type="PA-TCL" Name="greater_number.tcl"/>
  <FileSet Name="sources" Type="DesignSrcs" RelSrcDir="$PSRCDIR/sources_1">
    <Filter Type="Srcs"/>
    <File Path="$PSRCDIR/sources_1/new/comp_gt.vhd">
      <FileInfo>
        <Attr Name="UsedIn" Val="synthesis"/>
        <Attr Name="UsedIn" Val="simulation"/>
      </FileInfo>
    </File>
    <File Path="$PSRCDIR/sources_1/imports/new/controlador.vhd">
      <FileInfo>
        <Attr Name="ImportPath" Val="$PPRDIR/../refri_machine/refri_machine.srcs/sources_1/new/controlador.vhd"/>
        <Attr Name="ImportTime" Val="1554831384"/>
        <Attr Name="UsedIn" Val="synthesis"/>
        <Attr Name="UsedIn" Val="simulation"/>
      </FileInfo>
    </File>
    <File Path="$PSRCDIR/sources_1/imports/new/registrador.vhd">
      <FileInfo>
        <Attr Name="ImportPath" Val="$PPRDIR/../refri_machine/refri_machine.srcs/sources_1/new/registrador.vhd"/>
        <Attr Name="ImportTime" Val="1554830886"/>
        <Attr Name="UsedIn" Val="synthesis"/>
        <Attr Name="UsedIn" Val="simulation"/>
      </FileInfo>
    </File>
    <File Path="$PSRCDIR/sources_1/new/datapath.vhd">
      <FileInfo>
        <Attr Name="UsedIn" Val="synthesis"/>
        <Attr Name="UsedIn" Val="simulation"/>
      </FileInfo>
    </File>
    <File Path="$PSRCDIR/sources_1/new/greater_number.vhd">
      <FileInfo>
        <Attr Name="UsedIn" Val="synthesis"/>
        <Attr Name="UsedIn" Val="simulation"/>
      </FileInfo>
    </File>
    <File Path="$PSRCDIR/sources_1/imports/new/adder.vhd">
      <FileInfo>
        <Attr Name="AutoDisabled" Val="1"/>
        <Attr Name="ImportPath" Val="$PPRDIR/../refri_machine/refri_machine.srcs/sources_1/new/adder.vhd"/>
        <Attr Name="ImportTime" Val="1554830492"/>
        <Attr Name="UsedIn" Val="synthesis"/>
        <Attr Name="UsedIn" Val="simulation"/>
      </FileInfo>
    </File>
    <File Path="$PSRCDIR/sources_1/imports/new/comp_lt.vhd">
      <FileInfo>
        <Attr Name="AutoDisabled" Val="1"/>
        <Attr Name="ImportPath" Val="$PPRDIR/../refri_machine/refri_machine.srcs/sources_1/new/comp_lt.vhd"/>
        <Attr Name="ImportTime" Val="1554830457"/>
        <Attr Name="UsedIn" Val="synthesis"/>
        <Attr Name="UsedIn" Val="simulation"/>
      </FileInfo>
    </File>
    <File Path="$PSRCDIR/sources_1/bd/design_1/hdl/design_1_wrapper.vhd">
      <FileInfo>
        <Attr Name="AutoDisabled" Val="1"/>
        <Attr Name="UsedIn" Val="synthesis"/>
        <Attr Name="UsedIn" Val="simulation"/>
      </FileInfo>
    </File>
    <Config>
      <Option Name="DesignMode" Val="RTL"/>
      <Option Name="TopModule" Val="greater_number"/>
    </Config>
  </FileSet>
  <FileSet Name="constrs_in" Type="Constrs" RelSrcDir="$PSRCDIR/constrs_1">
    <Filter Type="Constrs"/>
    <File Path="$PSRCDIR/constrs_1/imports/zybo_files/ZYBO_Master.xdc">
      <FileInfo>
        <Attr Name="ImportPath" Val="$PPRDIR/../Área de Trabalho/Sistemas Digitais/zybo_files/ZYBO_Master.xdc"/>
        <Attr Name="ImportTime" Val="1519235314"/>
        <Attr Name="UsedIn" Val="synthesis"/>
        <Attr Name="UsedIn" Val="implementation"/>
      </FileInfo>
    </File>
    <Config>
      <Option Name="ConstrsType" Val="XDC"/>
    </Config>
  </FileSet>
  <Strategy Version="1" Minor="2">
    <StratHandle Name="Vivado Synthesis Defaults" Flow="Vivado Synthesis 2017"/>
    <Step Id="synth_design"/>
  </Strategy>
</GenRun>
