<?xml version="1.0"?>
<Runs Version="1" Minor="0">
	<Run Id="design_1_rom_0_0_synth_1" LaunchDir="/home/rf/processador_2/processador_2.runs/design_1_rom_0_0_synth_1" FlowId="Vivado_Synthesis" FromStepId="vivado" ToStepId="vivado"/>
	<Run Id="design_1_cpu_vga_dbg_0_0_synth_1" LaunchDir="/home/rf/processador_2/processador_2.runs/design_1_cpu_vga_dbg_0_0_synth_1" FlowId="Vivado_Synthesis" FromStepId="vivado" ToStepId="vivado"/>
	<Run Id="design_1_ram_0_0_synth_1" LaunchDir="/home/rf/processador_2/processador_2.runs/design_1_ram_0_0_synth_1" FlowId="Vivado_Synthesis" FromStepId="vivado" ToStepId="vivado"/>
	<Run Id="design_1_cpu_0_0_synth_1" LaunchDir="/home/rf/processador_2/processador_2.runs/design_1_cpu_0_0_synth_1" FlowId="Vivado_Synthesis" FromStepId="vivado" ToStepId="vivado"/>
	<Run Id="design_1_terminal_vga_0_0_synth_1" LaunchDir="/home/rf/processador_2/processador_2.runs/design_1_terminal_vga_0_0_synth_1" FlowId="Vivado_Synthesis" FromStepId="vivado" ToStepId="vivado"/>
	<Run Id="synth_1" LaunchDir="/home/rf/processador_2/processador_2.runs/synth_1" FlowId="Vivado_Synthesis" FromStepId="vivado" ToStepId="vivado">
		<Parent Id="design_1_rom_0_0_synth_1"/>
		<Parent Id="design_1_cpu_vga_dbg_0_0_synth_1"/>
		<Parent Id="design_1_ram_0_0_synth_1"/>
		<Parent Id="design_1_cpu_0_0_synth_1"/>
		<Parent Id="design_1_terminal_vga_0_0_synth_1"/>
	</Run>
</Runs>

