<?xml version="1.0"?>
<Runs Version="1" Minor="0">
	<Run Id="pdi_system_mux2x1_0_0_synth_1" LaunchDir="/home/cristiano/projects/sd_trab_pdi/sd_trab_pdi.runs/pdi_system_mux2x1_0_0_synth_1" FlowId="Vivado_Synthesis" FromStepId="vivado" ToStepId="vivado"/>
	<Run Id="pdi_system_pdi_0_0_synth_1" LaunchDir="/home/cristiano/projects/sd_trab_pdi/sd_trab_pdi.runs/pdi_system_pdi_0_0_synth_1" FlowId="Vivado_Synthesis" FromStepId="vivado" ToStepId="vivado"/>
	<Run Id="pdi_system_pdi_controlller_0_0_synth_1" LaunchDir="/home/cristiano/projects/sd_trab_pdi/sd_trab_pdi.runs/pdi_system_pdi_controlller_0_0_synth_1" FlowId="Vivado_Synthesis" FromStepId="vivado" ToStepId="vivado"/>
	<Run Id="pdi_system_blk_mem_gen_0_2_synth_1" LaunchDir="/home/cristiano/projects/sd_trab_pdi/sd_trab_pdi.runs/pdi_system_blk_mem_gen_0_2_synth_1" FlowId="Vivado_Synthesis" FromStepId="vivado" ToStepId="vivado"/>
	<Run Id="pdi_system_blk_mem_gen_0_1_synth_1" LaunchDir="/home/cristiano/projects/sd_trab_pdi/sd_trab_pdi.runs/pdi_system_blk_mem_gen_0_1_synth_1" FlowId="Vivado_Synthesis" FromStepId="vivado" ToStepId="vivado"/>
	<Run Id="synth_1" LaunchDir="/home/cristiano/projects/sd_trab_pdi/sd_trab_pdi.runs/synth_1" FlowId="Vivado_Synthesis" FromStepId="vivado" ToStepId="vivado">
		<Parent Id="pdi_system_mux2x1_0_0_synth_1"/>
		<Parent Id="pdi_system_pdi_0_0_synth_1"/>
		<Parent Id="pdi_system_pdi_controlller_0_0_synth_1"/>
		<Parent Id="pdi_system_blk_mem_gen_0_2_synth_1"/>
		<Parent Id="pdi_system_blk_mem_gen_0_1_synth_1"/>
	</Run>
</Runs>

