<?xml version="1.0" encoding="UTF-8"?>
<GenRun Id="synth_1" LaunchPart="xc7z010clg400-1" LaunchTime="1557795381">
  <File Type="VDS-TIMING-PB" Name="design_1_wrapper_timing_summary_synth.pb"/>
  <File Type="VDS-TIMINGSUMMARY" Name="design_1_wrapper_timing_summary_synth.rpt"/>
  <File Type="RDS-DCP" Name="design_1_wrapper.dcp"/>
  <File Type="RDS-UTIL-PB" Name="design_1_wrapper_utilization_synth.pb"/>
  <File Type="RDS-UTIL" Name="design_1_wrapper_utilization_synth.rpt"/>
  <File Type="RDS-PROPCONSTRS" Name="design_1_wrapper_drc_synth.rpt"/>
  <File Type="RDS-RDS" Name="design_1_wrapper.vds"/>
  <File Type="REPORTS-TCL" Name="design_1_wrapper_reports.tcl"/>
  <File Type="PA-TCL" Name="design_1_wrapper.tcl"/>
  <FileSet Name="sources" Type="DesignSrcs" RelSrcDir="$PSRCDIR/sources_1">
    <Filter Type="Srcs"/>
    <File Path="$PSRCDIR/sources_1/imports/arqs_processador/constant_adder.vhd">
      <FileInfo>
        <Attr Name="ImportPath" Val="$PPRDIR/../Área de Trabalho/Sistemas Digitais/arqs_processador/constant_adder.vhd"/>
        <Attr Name="ImportTime" Val="1550070878"/>
        <Attr Name="UsedIn" Val="synthesis"/>
        <Attr Name="UsedIn" Val="simulation"/>
      </FileInfo>
    </File>
    <File Path="$PSRCDIR/sources_1/imports/arqs_processador/controller_FSM.vhd">
      <FileInfo>
        <Attr Name="ImportPath" Val="$PPRDIR/../Área de Trabalho/Sistemas Digitais/arqs_processador/controller_FSM.vhd"/>
        <Attr Name="ImportTime" Val="1557449798"/>
        <Attr Name="UsedIn" Val="synthesis"/>
        <Attr Name="UsedIn" Val="simulation"/>
      </FileInfo>
    </File>
    <File Path="$PSRCDIR/sources_1/imports/arqs_processador/registrador.vhd">
      <FileInfo>
        <Attr Name="ImportPath" Val="$PPRDIR/../Área de Trabalho/Sistemas Digitais/arqs_processador/registrador.vhd"/>
        <Attr Name="ImportTime" Val="1549632682"/>
        <Attr Name="UsedIn" Val="synthesis"/>
        <Attr Name="UsedIn" Val="simulation"/>
      </FileInfo>
    </File>
    <File Path="$PSRCDIR/sources_1/imports/arqs_processador/control_unit.vhd">
      <FileInfo>
        <Attr Name="ImportPath" Val="$PPRDIR/../Área de Trabalho/Sistemas Digitais/arqs_processador/control_unit.vhd"/>
        <Attr Name="ImportTime" Val="1557451844"/>
        <Attr Name="UsedIn" Val="synthesis"/>
        <Attr Name="UsedIn" Val="simulation"/>
      </FileInfo>
    </File>
    <File Path="$PSRCDIR/sources_1/imports/arqs_processador/ula.vhd">
      <FileInfo>
        <Attr Name="ImportPath" Val="$PPRDIR/../Área de Trabalho/Sistemas Digitais/arqs_processador/ula.vhd"/>
        <Attr Name="ImportTime" Val="1555952464"/>
        <Attr Name="UsedIn" Val="synthesis"/>
        <Attr Name="UsedIn" Val="simulation"/>
      </FileInfo>
    </File>
    <File Path="$PSRCDIR/sources_1/imports/arqs_processador/register_file.vhd">
      <FileInfo>
        <Attr Name="ImportPath" Val="$PPRDIR/../Área de Trabalho/Sistemas Digitais/arqs_processador/register_file.vhd"/>
        <Attr Name="ImportTime" Val="1557449322"/>
        <Attr Name="UsedIn" Val="synthesis"/>
        <Attr Name="UsedIn" Val="simulation"/>
      </FileInfo>
    </File>
    <File Path="$PSRCDIR/sources_1/imports/arqs_processador/mux_2x1.vhd">
      <FileInfo>
        <Attr Name="ImportPath" Val="$PPRDIR/../Área de Trabalho/Sistemas Digitais/arqs_processador/mux_2x1.vhd"/>
        <Attr Name="ImportTime" Val="1557174168"/>
        <Attr Name="UsedIn" Val="synthesis"/>
        <Attr Name="UsedIn" Val="simulation"/>
      </FileInfo>
    </File>
    <File Path="$PSRCDIR/sources_1/imports/arqs_processador/datapath.vhd">
      <FileInfo>
        <Attr Name="ImportPath" Val="$PPRDIR/../Área de Trabalho/Sistemas Digitais/arqs_processador/datapath.vhd"/>
        <Attr Name="ImportTime" Val="1557449454"/>
        <Attr Name="UsedIn" Val="synthesis"/>
        <Attr Name="UsedIn" Val="simulation"/>
      </FileInfo>
    </File>
    <File Path="$PSRCDIR/sources_1/imports/arqs_processador/cpu.vhd">
      <FileInfo>
        <Attr Name="ImportPath" Val="$PPRDIR/../Área de Trabalho/Sistemas Digitais/arqs_processador/cpu.vhd"/>
        <Attr Name="ImportTime" Val="1557451870"/>
        <Attr Name="UsedIn" Val="synthesis"/>
        <Attr Name="UsedIn" Val="simulation"/>
      </FileInfo>
    </File>
    <File Path="$PSRCDIR/sources_1/imports/arqs_processador/rom.vhd">
      <FileInfo>
        <Attr Name="ImportPath" Val="$PPRDIR/../Área de Trabalho/Sistemas Digitais/arqs_processador/rom.vhd"/>
        <Attr Name="ImportTime" Val="1557451542"/>
        <Attr Name="UsedIn" Val="synthesis"/>
        <Attr Name="UsedIn" Val="simulation"/>
      </FileInfo>
    </File>
    <File Path="$PSRCDIR/sources_1/imports/arqs_processador/ram.vhd">
      <FileInfo>
        <Attr Name="ImportPath" Val="$PPRDIR/../Área de Trabalho/Sistemas Digitais/arqs_processador/ram.vhd"/>
        <Attr Name="ImportTime" Val="1557429504"/>
        <Attr Name="UsedIn" Val="synthesis"/>
        <Attr Name="UsedIn" Val="simulation"/>
      </FileInfo>
    </File>
    <File Path="$PSRCDIR/sources_1/imports/arqs_processador/cpu_vga_dbg.vhd">
      <FileInfo>
        <Attr Name="ImportPath" Val="$PPRDIR/../Área de Trabalho/Sistemas Digitais/arqs_processador/cpu_vga_dbg.vhd"/>
        <Attr Name="ImportTime" Val="1557756606"/>
        <Attr Name="UsedIn" Val="synthesis"/>
        <Attr Name="UsedIn" Val="simulation"/>
      </FileInfo>
    </File>
    <File Path="$PSRCDIR/sources_1/imports/arqs_processador/char_mem.vhd">
      <FileInfo>
        <Attr Name="ImportPath" Val="$PPRDIR/../Área de Trabalho/Sistemas Digitais/arqs_processador/char_mem.vhd"/>
        <Attr Name="ImportTime" Val="1522448218"/>
        <Attr Name="UsedIn" Val="synthesis"/>
        <Attr Name="UsedIn" Val="simulation"/>
      </FileInfo>
    </File>
    <File Path="$PSRCDIR/sources_1/imports/arqs_processador/delay.vhd">
      <FileInfo>
        <Attr Name="ImportPath" Val="$PPRDIR/../Área de Trabalho/Sistemas Digitais/arqs_processador/delay.vhd"/>
        <Attr Name="ImportTime" Val="1522446838"/>
        <Attr Name="UsedIn" Val="synthesis"/>
        <Attr Name="UsedIn" Val="simulation"/>
      </FileInfo>
    </File>
    <File Path="$PSRCDIR/sources_1/imports/arqs_processador/font_rom.vhd">
      <FileInfo>
        <Attr Name="ImportPath" Val="$PPRDIR/../Área de Trabalho/Sistemas Digitais/arqs_processador/font_rom.vhd"/>
        <Attr Name="ImportTime" Val="1522439684"/>
        <Attr Name="UsedIn" Val="synthesis"/>
        <Attr Name="UsedIn" Val="simulation"/>
      </FileInfo>
    </File>
    <File Path="$PSRCDIR/sources_1/imports/arqs_processador/freq_divider.vhd">
      <FileInfo>
        <Attr Name="ImportPath" Val="$PPRDIR/../Área de Trabalho/Sistemas Digitais/arqs_processador/freq_divider.vhd"/>
        <Attr Name="ImportTime" Val="1521814020"/>
        <Attr Name="UsedIn" Val="synthesis"/>
        <Attr Name="UsedIn" Val="simulation"/>
      </FileInfo>
    </File>
    <File Path="$PSRCDIR/sources_1/imports/arqs_processador/mux.vhd">
      <FileInfo>
        <Attr Name="ImportPath" Val="$PPRDIR/../Área de Trabalho/Sistemas Digitais/arqs_processador/mux.vhd"/>
        <Attr Name="ImportTime" Val="1548854116"/>
        <Attr Name="UsedIn" Val="synthesis"/>
        <Attr Name="UsedIn" Val="simulation"/>
      </FileInfo>
    </File>
    <File Path="$PSRCDIR/sources_1/imports/arqs_processador/terminal_vga.vhd">
      <FileInfo>
        <Attr Name="ImportPath" Val="$PPRDIR/../Área de Trabalho/Sistemas Digitais/arqs_processador/terminal_vga.vhd"/>
        <Attr Name="ImportTime" Val="1557448878"/>
        <Attr Name="UsedIn" Val="synthesis"/>
        <Attr Name="UsedIn" Val="simulation"/>
      </FileInfo>
    </File>
    <File Path="$PSRCDIR/sources_1/bd/design_1/design_1.bd">
      <FileInfo>
        <Attr Name="UsedIn" Val="synthesis"/>
        <Attr Name="UsedIn" Val="implementation"/>
        <Attr Name="UsedIn" Val="simulation"/>
      </FileInfo>
    </File>
    <File Path="$PSRCDIR/sources_1/bd/design_1/hdl/design_1_wrapper.vhd">
      <FileInfo>
        <Attr Name="UsedIn" Val="synthesis"/>
        <Attr Name="UsedIn" Val="simulation"/>
      </FileInfo>
    </File>
    <File Path="$PSRCDIR/sources_1/imports/arqs_processador/mux_4x1.vhd">
      <FileInfo>
        <Attr Name="AutoDisabled" Val="1"/>
        <Attr Name="ImportPath" Val="$PPRDIR/../Área de Trabalho/Sistemas Digitais/arqs_processador/mux_4x1.vhd"/>
        <Attr Name="ImportTime" Val="1550067484"/>
        <Attr Name="UsedIn" Val="synthesis"/>
        <Attr Name="UsedIn" Val="simulation"/>
      </FileInfo>
    </File>
    <Config>
      <Option Name="DesignMode" Val="RTL"/>
      <Option Name="TopModule" Val="design_1_wrapper"/>
    </Config>
  </FileSet>
  <FileSet Name="constrs_in" Type="Constrs" RelSrcDir="$PSRCDIR/constrs_1">
    <Filter Type="Constrs"/>
    <File Path="$PSRCDIR/constrs_1/imports/arqs_processador/ZYBO_Master.xdc">
      <FileInfo>
        <Attr Name="ImportPath" Val="$PPRDIR/../Área de Trabalho/Sistemas Digitais/arqs_processador/ZYBO_Master.xdc"/>
        <Attr Name="ImportTime" Val="1557450366"/>
        <Attr Name="UsedIn" Val="synthesis"/>
        <Attr Name="UsedIn" Val="implementation"/>
      </FileInfo>
    </File>
    <Config>
      <Option Name="ConstrsType" Val="XDC"/>
    </Config>
  </FileSet>
  <Strategy Version="1" Minor="2">
    <StratHandle Name="Vivado Synthesis Defaults" Flow="Vivado Synthesis 2017"/>
    <Step Id="synth_design"/>
  </Strategy>
  <BlockFileSet Type="BlockSrcs" Name="design_1_cpu_0_0"/>
  <BlockFileSet Type="BlockSrcs" Name="design_1_terminal_vga_0_0"/>
  <BlockFileSet Type="BlockSrcs" Name="design_1_ram_0_0"/>
  <BlockFileSet Type="BlockSrcs" Name="design_1_cpu_vga_dbg_0_0"/>
  <BlockFileSet Type="BlockSrcs" Name="design_1_rom_0_0"/>
</GenRun>
