<?xml version="1.0" encoding="UTF-8"?>
<GenRun Id="impl_1" LaunchPart="xc7z010clg400-1" LaunchTime="1555932514">
  <File Type="WBT-USG" Name="usage_statistics_webtalk.html"/>
  <File Type="BG-DRC" Name="greater_number.drc"/>
  <File Type="BG-BGN" Name="greater_number.bgn"/>
  <File Type="BITSTR-SYSDEF" Name="greater_number.sysdef"/>
  <File Type="BITSTR-LTX" Name="debug_nets.ltx"/>
  <File Type="BITSTR-LTX" Name="greater_number.ltx"/>
  <File Type="BITSTR-MMI" Name="greater_number.mmi"/>
  <File Type="BITSTR-BMM" Name="greater_number_bd.bmm"/>
  <File Type="BITSTR-NKY" Name="greater_number.nky"/>
  <File Type="BITSTR-RBT" Name="greater_number.rbt"/>
  <File Type="BITSTR-MSK" Name="greater_number.msk"/>
  <File Type="BG-BIN" Name="greater_number.bin"/>
  <File Type="BG-BIT" Name="greater_number.bit"/>
  <File Type="POSTROUTE-PHYSOPT-TIMING-RPX" Name="greater_number_timing_summary_postroute_physopted.rpx"/>
  <File Type="POSTROUTE-PHYSOPT-TIMING-PB" Name="greater_number_timing_summary_postroute_physopted.pb"/>
  <File Type="POSTROUTE-PHYSOPT-TIMING" Name="greater_number_timing_summary_postroute_physopted.rpt"/>
  <File Type="POSTROUTE-PHYSOPT-BLACKBOX-DCP" Name="greater_number_postroute_physopt_bb.dcp"/>
  <File Type="POSTROUTE-PHYSOPT-DCP" Name="greater_number_postroute_physopt.dcp"/>
  <File Type="ROUTE-CLK" Name="greater_number_clock_utilization_routed.rpt"/>
  <File Type="ROUTE-SIMILARITY" Name="greater_number_incremental_reuse_routed.rpt"/>
  <File Type="ROUTE-TIMING-RPX" Name="greater_number_timing_summary_routed.rpx"/>
  <File Type="ROUTE-TIMING-PB" Name="greater_number_timing_summary_routed.pb"/>
  <File Type="ROUTE-TIMINGSUMMARY" Name="greater_number_timing_summary_routed.rpt"/>
  <File Type="ROUTE-STATUS-PB" Name="greater_number_route_status.pb"/>
  <File Type="ROUTE-STATUS" Name="greater_number_route_status.rpt"/>
  <File Type="ROUTE-PWR-RPX" Name="greater_number_power_routed.rpx"/>
  <File Type="ROUTE-PWR-SUM" Name="greater_number_power_summary_routed.pb"/>
  <File Type="ROUTE-PWR" Name="greater_number_power_routed.rpt"/>
  <File Type="ROUTE-METHODOLOGY-DRC-PB" Name="greater_number_methodology_drc_routed.pb"/>
  <File Type="ROUTE-METHODOLOGY-DRC-RPX" Name="greater_number_methodology_drc_routed.rpx"/>
  <File Type="ROUTE-METHODOLOGY-DRC" Name="greater_number_methodology_drc_routed.rpt"/>
  <File Type="ROUTE-DRC-RPX" Name="greater_number_drc_routed.rpx"/>
  <File Type="ROUTE-DRC-PB" Name="greater_number_drc_routed.pb"/>
  <File Type="ROUTE-DRC" Name="greater_number_drc_routed.rpt"/>
  <File Type="ROUTE-BLACKBOX-DCP" Name="greater_number_routed_bb.dcp"/>
  <File Type="ROUTE-DCP" Name="greater_number_routed.dcp"/>
  <File Type="ROUTE-ERROR-DCP" Name="greater_number_routed_error.dcp"/>
  <File Type="PHYSOPT-TIMING" Name="greater_number_timing_summary_physopted.rpt"/>
  <File Type="PHYSOPT-DRC" Name="greater_number_drc_physopted.rpt"/>
  <File Type="PHYSOPT-DCP" Name="greater_number_physopt.dcp"/>
  <File Type="POSTPLACE-PWROPT-TIMING" Name="greater_number_timing_summary_postplace_pwropted.rpt"/>
  <File Type="POSTPLACE-PWROPT-DCP" Name="greater_number_postplace_pwropt.dcp"/>
  <File Type="PLACE-TIMING" Name="greater_number_timing_summary_placed.rpt"/>
  <File Type="PLACE-PRE-SIMILARITY" Name="greater_number_incremental_reuse_pre_placed.rpt"/>
  <File Type="PLACE-SIMILARITY" Name="greater_number_incremental_reuse_placed.rpt"/>
  <File Type="PLACE-CTRL" Name="greater_number_control_sets_placed.rpt"/>
  <File Type="PLACE-UTIL-PB" Name="greater_number_utilization_placed.pb"/>
  <File Type="PLACE-UTIL" Name="greater_number_utilization_placed.rpt"/>
  <File Type="PLACE-CLK" Name="greater_number_clock_utilization_placed.rpt"/>
  <File Type="PLACE-IO" Name="greater_number_io_placed.rpt"/>
  <File Type="RDI-RDI" Name="greater_number.vdi"/>
  <File Type="PWROPT-TIMING" Name="greater_number_timing_summary_pwropted.rpt"/>
  <File Type="PWROPT-DRC" Name="greater_number_drc_pwropted.rpt"/>
  <File Type="OPT-TIMING" Name="greater_number_timing_summary_opted.rpt"/>
  <File Type="OPT-HWDEF" Name="greater_number.hwdef"/>
  <File Type="OPT-METHODOLOGY-DRC" Name="greater_number_methodology_drc_opted.rpt"/>
  <File Type="OPT-DRC" Name="greater_number_drc_opted.rpt"/>
  <File Type="OPT-DCP" Name="greater_number_opt.dcp"/>
  <File Type="INIT-TIMING" Name="greater_number_timing_summary_init.rpt"/>
  <File Type="PWROPT-DCP" Name="greater_number_pwropt.dcp"/>
  <File Type="REPORTS-TCL" Name="greater_number_reports.tcl"/>
  <File Type="PLACE-DCP" Name="greater_number_placed.dcp"/>
  <File Type="PA-TCL" Name="greater_number.tcl"/>
  <FileSet Name="sources" Type="DesignSrcs" RelSrcDir="$PSRCDIR/sources_1">
    <Filter Type="Srcs"/>
    <File Path="$PSRCDIR/sources_1/new/comp_gt.vhd">
      <FileInfo>
        <Attr Name="UsedIn" Val="synthesis"/>
        <Attr Name="UsedIn" Val="simulation"/>
      </FileInfo>
    </File>
    <File Path="$PSRCDIR/sources_1/imports/new/controlador.vhd">
      <FileInfo>
        <Attr Name="ImportPath" Val="$PPRDIR/../refri_machine/refri_machine.srcs/sources_1/new/controlador.vhd"/>
        <Attr Name="ImportTime" Val="1554831384"/>
        <Attr Name="UsedIn" Val="synthesis"/>
        <Attr Name="UsedIn" Val="simulation"/>
      </FileInfo>
    </File>
    <File Path="$PSRCDIR/sources_1/imports/new/registrador.vhd">
      <FileInfo>
        <Attr Name="ImportPath" Val="$PPRDIR/../refri_machine/refri_machine.srcs/sources_1/new/registrador.vhd"/>
        <Attr Name="ImportTime" Val="1554830886"/>
        <Attr Name="UsedIn" Val="synthesis"/>
        <Attr Name="UsedIn" Val="simulation"/>
      </FileInfo>
    </File>
    <File Path="$PSRCDIR/sources_1/new/datapath.vhd">
      <FileInfo>
        <Attr Name="UsedIn" Val="synthesis"/>
        <Attr Name="UsedIn" Val="simulation"/>
      </FileInfo>
    </File>
    <File Path="$PSRCDIR/sources_1/new/greater_number.vhd">
      <FileInfo>
        <Attr Name="UsedIn" Val="synthesis"/>
        <Attr Name="UsedIn" Val="simulation"/>
      </FileInfo>
    </File>
    <File Path="$PSRCDIR/sources_1/imports/new/adder.vhd">
      <FileInfo>
        <Attr Name="AutoDisabled" Val="1"/>
        <Attr Name="ImportPath" Val="$PPRDIR/../refri_machine/refri_machine.srcs/sources_1/new/adder.vhd"/>
        <Attr Name="ImportTime" Val="1554830492"/>
        <Attr Name="UsedIn" Val="synthesis"/>
        <Attr Name="UsedIn" Val="simulation"/>
      </FileInfo>
    </File>
    <File Path="$PSRCDIR/sources_1/imports/new/comp_lt.vhd">
      <FileInfo>
        <Attr Name="AutoDisabled" Val="1"/>
        <Attr Name="ImportPath" Val="$PPRDIR/../refri_machine/refri_machine.srcs/sources_1/new/comp_lt.vhd"/>
        <Attr Name="ImportTime" Val="1554830457"/>
        <Attr Name="UsedIn" Val="synthesis"/>
        <Attr Name="UsedIn" Val="simulation"/>
      </FileInfo>
    </File>
    <File Path="$PSRCDIR/sources_1/bd/design_1/hdl/design_1_wrapper.vhd">
      <FileInfo>
        <Attr Name="AutoDisabled" Val="1"/>
        <Attr Name="UsedIn" Val="synthesis"/>
        <Attr Name="UsedIn" Val="simulation"/>
      </FileInfo>
    </File>
    <Config>
      <Option Name="DesignMode" Val="RTL"/>
      <Option Name="TopModule" Val="greater_number"/>
    </Config>
  </FileSet>
  <FileSet Name="constrs_in" Type="Constrs" RelSrcDir="$PSRCDIR/constrs_1">
    <Filter Type="Constrs"/>
    <File Path="$PSRCDIR/constrs_1/imports/zybo_files/ZYBO_Master.xdc">
      <FileInfo>
        <Attr Name="ImportPath" Val="$PPRDIR/../Área de Trabalho/Sistemas Digitais/zybo_files/ZYBO_Master.xdc"/>
        <Attr Name="ImportTime" Val="1519235314"/>
        <Attr Name="UsedIn" Val="synthesis"/>
        <Attr Name="UsedIn" Val="implementation"/>
      </FileInfo>
    </File>
    <Config>
      <Option Name="ConstrsType" Val="XDC"/>
    </Config>
  </FileSet>
  <Strategy Version="1" Minor="2">
    <StratHandle Name="Vivado Implementation Defaults" Flow="Vivado Implementation 2017"/>
    <Step Id="init_design"/>
    <Step Id="opt_design"/>
    <Step Id="power_opt_design"/>
    <Step Id="place_design"/>
    <Step Id="post_place_power_opt_design"/>
    <Step Id="phys_opt_design"/>
    <Step Id="route_design"/>
    <Step Id="post_route_phys_opt_design"/>
    <Step Id="write_bitstream"/>
  </Strategy>
</GenRun>
