<?xml version="1.0"?>
<Runs Version="1" Minor="0">
	<Run Id="design_1_greater_number_0_0_synth_1" LaunchDir="/home/rf/project_maior_number/project_maior_number.runs/design_1_greater_number_0_0_synth_1" FlowId="Vivado_Synthesis" FromStepId="vivado" ToStepId="vivado"/>
	<Run Id="design_1_xlconstant_0_0_synth_1" LaunchDir="/home/rf/project_maior_number/project_maior_number.runs/design_1_xlconstant_0_0_synth_1" FlowId="Vivado_Synthesis" FromStepId="vivado" ToStepId="vivado"/>
	<Run Id="design_1_xlconstant_1_0_synth_1" LaunchDir="/home/rf/project_maior_number/project_maior_number.runs/design_1_xlconstant_1_0_synth_1" FlowId="Vivado_Synthesis" FromStepId="vivado" ToStepId="vivado"/>
	<Run Id="synth_1" LaunchDir="/home/rf/project_maior_number/project_maior_number.runs/synth_1" FlowId="Vivado_Synthesis" FromStepId="vivado" ToStepId="vivado">
		<Parent Id="design_1_greater_number_0_0_synth_1"/>
		<Parent Id="design_1_xlconstant_0_0_synth_1"/>
		<Parent Id="design_1_xlconstant_1_0_synth_1"/>
	</Run>
</Runs>

