<?xml version="1.0"?>
<Runs Version="1" Minor="0">
	<Run Id="design_1_pdi_0_0_synth_1" LaunchDir="C:/Users/T-Gamer/Documents/Vivado/Projetos/Edito de imagem/edi_ver2/sd_trab_pdi.runs/design_1_pdi_0_0_synth_1" FlowId="Vivado_Synthesis" FromStepId="vivado" ToStepId="vivado"/>
	<Run Id="synth_1" LaunchDir="C:/Users/T-Gamer/Documents/Vivado/Projetos/Edito de imagem/edi_ver2/sd_trab_pdi.runs/synth_1" FlowId="Vivado_Synthesis" FromStepId="vivado" ToStepId="vivado">
		<Parent Id="design_1_pdi_0_0_synth_1"/>
	</Run>
	<Run Id="impl_1" LaunchDir="C:/Users/T-Gamer/Documents/Vivado/Projetos/Edito de imagem/edi_ver2/sd_trab_pdi.runs/impl_1" FlowId="Vivado_Implementation" FromStepId="init_design" ToStepId="write_bitstream">
		<Parent Id="synth_1"/>
		<Parent Id="design_1_pdi_0_0_synth_1"/>
	</Run>
</Runs>

