<?xml version="1.0"?>
<Runs Version="1" Minor="0">
	<Run Id="design_1_blk_mem_gen_0_0_synth_1" LaunchDir="/home/cristiano/projects/sd_trab_pdi/sd_trab_pdi.runs/design_1_blk_mem_gen_0_0_synth_1" FlowId="Vivado_Synthesis" FromStepId="vivado" ToStepId="vivado"/>
	<Run Id="design_1_pdi_0_0_synth_1" LaunchDir="/home/cristiano/projects/sd_trab_pdi/sd_trab_pdi.runs/design_1_pdi_0_0_synth_1" FlowId="Vivado_Synthesis" FromStepId="vivado" ToStepId="vivado"/>
	<Run Id="design_1_pdi_controlller_0_0_synth_1" LaunchDir="/home/cristiano/projects/sd_trab_pdi/sd_trab_pdi.runs/design_1_pdi_controlller_0_0_synth_1" FlowId="Vivado_Synthesis" FromStepId="vivado" ToStepId="vivado"/>
	<Run Id="design_1_mux2x1_0_0_synth_1" LaunchDir="/home/cristiano/projects/sd_trab_pdi/sd_trab_pdi.runs/design_1_mux2x1_0_0_synth_1" FlowId="Vivado_Synthesis" FromStepId="vivado" ToStepId="vivado"/>
	<Run Id="design_1_vga_driver_0_0_synth_1" LaunchDir="/home/cristiano/projects/sd_trab_pdi/sd_trab_pdi.runs/design_1_vga_driver_0_0_synth_1" FlowId="Vivado_Synthesis" FromStepId="vivado" ToStepId="vivado"/>
	<Run Id="design_1_sim_rst_gen_0_0_synth_1" LaunchDir="/home/cristiano/projects/sd_trab_pdi/sd_trab_pdi.runs/design_1_sim_rst_gen_0_0_synth_1" FlowId="Vivado_Synthesis" FromStepId="vivado" ToStepId="vivado"/>
	<Run Id="design_1_blk_mem_gen_0_1_synth_1" LaunchDir="/home/cristiano/projects/sd_trab_pdi/sd_trab_pdi.runs/design_1_blk_mem_gen_0_1_synth_1" FlowId="Vivado_Synthesis" FromStepId="vivado" ToStepId="vivado"/>
	<Run Id="synth_1" LaunchDir="/home/cristiano/projects/sd_trab_pdi/sd_trab_pdi.runs/synth_1" FlowId="Vivado_Synthesis" FromStepId="vivado" ToStepId="vivado">
		<Parent Id="design_1_blk_mem_gen_0_0_synth_1"/>
		<Parent Id="design_1_pdi_0_0_synth_1"/>
		<Parent Id="design_1_pdi_controlller_0_0_synth_1"/>
		<Parent Id="design_1_mux2x1_0_0_synth_1"/>
		<Parent Id="design_1_vga_driver_0_0_synth_1"/>
		<Parent Id="design_1_sim_rst_gen_0_0_synth_1"/>
		<Parent Id="design_1_blk_mem_gen_0_1_synth_1"/>
	</Run>
</Runs>

